drug,frequency
阿托伐他汀钙片,1298
阿司匹林肠溶片,991
阿卡波糖,884
二甲双胍,609
碳酸钙片,517
甘精胰岛素,500
硝苯地平控释片,479
氨氯地平片,478
甲钴胺,470
门冬胰岛素,381
瑞巴派特片,374
依帕司他,373
雷贝拉唑,369
美托洛尔缓释片,338
兰索拉唑,307
阿法骨化醇,306
瑞舒伐他汀,296
氯吡格雷,286
银杏叶软胶囊,267
左甲状腺素钠片,253
金水宝,228
达格列净片,226
厄贝沙坦,220
丹参软胶囊,206
康复新液,195
坎地沙坦,192
磷酸西格列汀,178
氢氯吡格雷片,171
胰激肽原酶肠溶片,170
单硝酸异山梨酯,168
沙库巴曲缬沙坦钠片,156
比索洛尔,154
羟苯磺酸钙,154
曲美他嗪,153
辛伐他汀片,146
格列美脲片,139
黄葵胶囊,134
盐酸二甲双胍缓释片,133
螺内酯,132
利拉鲁肽,132
贝前列素钠片,127
复方谷氨酰胺肠溶胶囊,126
地特胰岛素,121
呋塞米,120
赖脯胰岛素,116
奥美沙坦,114
非布司他片,111
泮托拉唑肠溶胶囊,109
海昆肾喜胶囊,108
格列喹酮,108
维生素D2软胶囊,105
氯化钾缓释片,104
阿格列汀,100
吡格列酮,100
阿罗洛尔,99
替米沙坦,98
左旋氨氯地平,97
血脂康胶囊,94
普拉洛芬滴眼液,90
乳果糖,87
利伐沙班,85
双歧杆菌活菌肠溶胶囊,85
奥拉西坦胶囊,84
妥布霉素地塞米松滴眼液,84
阿普唑仑,82
奥美拉唑,80
丁苯酞软胶囊,78
维生素B1片,77
复方a-酮酸片,75
胞磷胆碱钠胶囊,74
德谷门冬双胰岛素,70
泼尼松片,70
匹伐他汀,69
百令胶囊,68
普伐他汀,67
津力达颗粒,67
生血宝合剂,66
重组人表皮生长因子滴眼液,64
利格列汀片,64
叶酸片,64
氟哌噻吨美利曲辛片,62
双环醇片,61
灯盏生脉胶囊,61
非诺贝特,60
坦索罗辛缓释胶囊,60
复方托吡卡胺滴眼液,59
脂必泰胶囊,59
厄多司坦胶囊,59
谷赖胰岛素,57
莫沙必利分散片,57
瑞格列奈,57
多烯磷脂酰胆碱胶囊,56
培哚普利叔丁胺片,56
强力定眩片,54
乌灵胶囊,54
孟鲁司特钠片,53
西洛他唑,51
替格瑞洛片,50
氨基葡萄糖胶囊,50
卡格列净片,50
尼可地尔片,49
碳酸氢钠片,49
地衣芽孢杆菌活菌胶囊,49
左氧氟沙星,48
艾地苯醌片,48
氨溴索片,47
硒酵母片,47
多糖铁复合物胶囊,46
恩格列净片,44
丽珠维三联,44
甘草酸二铵肠溶胶囊,42
贝尼地平片,42
地高辛片,41
华法林,40
复方甲氧那明胶囊,40
蓝芩口服液,40
血栓心脉宁片,39
磷酸铝凝胶,39
盐酸曲美他嗪缓释片,39
舒肝解郁胶囊,37
骨化三醇胶丸,37
布地奈德福莫特罗粉吸入剂,37
甲巯咪唑,36
维生素B6片,35
氟桂利嗪胶囊,34
依折麦布片,34
伏格列波糖片,32
曲美布汀,32
塞来昔布,31
天麦消渴片,31
热淋清颗粒,29
聚乙二醇洛塞那肽,29
培哚普利吲达帕胺片,29
贝那普利,29
羟氯喹,29
参松养心胶囊,29
克拉霉素,28
胺碘酮片,28
十一味参芪胶囊,27
枸橼酸铋钾片,27
稳心颗粒,27
伊托必利,25
格列齐特缓释片,24
甲泼尼龙片,24
玻璃酸钠滴眼液,24
平消片,24
七叶洋地黄双苷滴眼液,24
吲哚布芬,23
戈舍瑞林,23
替吉奥,23
非洛地平缓释片,23
养心氏片,23
复方甘草酸苷片,22
非那雄胺,22
恩替卡韦,22
复方丹参滴丸,21
地榆升白片,21
苯溴马隆,21
熊去氧胆酸胶囊,21
多索茶碱片,21
洛索洛芬,20
门冬氨酸钾镁片,20
噻托溴铵粉吸入剂,20
普萘洛尔,20
铁剂,20
养血清脑颗粒,20
地尔硫卓缓释胶囊,19
氟他按,19
多潘立酮片,18
卤米松乳膏,18
扎冲十三味丸,18
苏黄止咳胶囊,17
白芍总苷,17
艾司奥美拉唑,17
度拉糖肽,17
氢氯噻嗪,17
加替沙星眼用凝胶,16
硝酸甘油,16
水飞蓟宾胶囊,16
长春胺缓释胶囊,16
替硝唑片,16
头孢克洛,15
吲达帕胺缓释片,15
心血宁片,15
祖师麻膏药,15
艾塞那肽,15
氯沙坦钾片,15
维生素C,15
依诺肝素,14
度洛西汀肠溶胶囊,14
泛昔洛韦胶囊,14
法莫替丁,14
他莫昔芬,14
阿昔洛韦,13
艾瑞昔布片,13
坦洛新缓释胶囊,13
奥洛他定片,13
甲硝唑,13
蛇胆陈皮口服液,13
米格列醇片,12
匹多莫德口服液,12
连花清瘟胶囊,12
碳酸司维拉姆片,12
多沙唑嗪缓释片,12
达比加群脂胶囊,12
盐酸伊伐布雷定片,12
芪苈强心胶囊,12
来氟米特,12
麻仁软胶囊,11
单硝酸异酸梨酯缓释胶囊,11
钙尔奇D,11
整肠生,11
卡替洛尔滴眼液,11
新癀片,11
依巴斯汀片,11
促红细胞生成素,11
沙美特罗替卡松粉吸入剂,10
枯草杆菌二联活菌肠溶胶囊,10
甲氧那明,10
都梁软胶囊,10
匹维溴铵片,10
布洛芬缓释胶囊,10
卡培他滨,10
马栗种子提取物片,10
赛庚啶片,9
普罗帕酮,9
致康胶囊,9
优泌林,9
托吡卡胺滴眼液,9
美洛昔康,9
丙戊酸钠缓释片,9
维生素E,9
消化酶胶囊,9
氟芬那酸丁酯软膏,9
复方新诺明,9
氯雷他定片,9
诺和灵30R,9
普济痔疮栓,9
酮替芬,9
活心丸,9
鼻朗,9
秋水仙碱,8
氯硝西泮片,8
更昔洛韦眼用凝胶,8
人表皮生长因子滴眼液,8
沙格列汀,8
槐耳颗粒,8
利司那肽注射液,8
铝碳酸镁片,8
阿仑膦酸钠片,8
吗替麦考酚酯,8
唑吡坦片,8
沙格雷酯片,7
冠心丹参滴丸,7
消痛贴膏,7
泊沙康唑口服混悬液,7
右佐匹克隆,7
普瑞巴林胶囊,7
尼莫地平片,7
多巴丝肼片,7
云南白药,7
乙哌立松片,7
地芬尼多片,7
依托考昔,7
参芪胶囊,7
莫西沙星,7
氨酚羟考酮,7
舍曲林片,7
地奥心血康胶囊,7
通心络胶囊,7
枸橼酸莫沙必利片,7
阿莫西林,7
酒石酸溴莫尼定滴眼液,6
龙血竭片,6
琥珀酸亚铁,6
马来酸氨氯地平片,6
莫匹罗星软膏,6
凝结芽孢杆菌,6
丙硫氧嘧啶,6
左乙拉西坦片,6
甘桔冰梅片,6
贝那鲁肽,6
胃康胶囊,6
沙利度胺,6
他克莫司胶囊,6
长秀霖胰岛素,6
开塞露,6
一清胶囊,6
单硝酸异山梨脂,6
钙剂,6
西酞普兰,6
苯扎贝特分散片,6
氟伐他汀缓释片,6
塞利尼索,5
速效救心丸,5
倍他司汀口服液,5
升白药,5
复方氨基酸胶囊,5
升血小板胶囊,5
盐酸普罗帕酮片,5
聚乙二醇,5
阿尔法骨化醇软胶囊,5
依托必利,5
伏立康唑,5
雷公藤,5
荜铃胃痛颗粒,5
茶碱缓释片,5
罗沙司他胶囊,5
雷尼替丁,5
药用炭片,5
地屈孕酮,5
别嘌醇,5
布林佐胺滴眼液,5
谷维素片,5
蛋白琥珀酸铁口服溶液,5
马来酸依那普利,5
腺苷钴胺,4
维奈克拉,4
尼卡地平缓释胶囊,4
阿比特龙,4
金莲清热泡腾片,4
糠酸莫米松鼻喷雾剂,4
麦咪康帕,4
拉西地平片,4
曲安奈德益康唑乳膏,4
伊曲康唑胶囊,4
托伐普坦片,4
溴隐亭,4
鼻敏灵,4
索利那新,4
狗皮膏,4
枸橼酸铋雷尼替丁,4
蒙脱石散,4
痛风定胶囊,4
比格列酮,4
醋酸去氨加压素,4
柳氮磺吡啶,4
苦参凝胶,4
环孢素软胶囊,4
开同,4
消栓通络胶囊,4
吲哒帕胺,4
格列吡嗪控释片,4
盐酸吡格列酮片,3
美沙拉秦缓释颗粒剂,3
洛哌丁胺胶囊,3
艾多沙班片,3
依托芬那酯凝胶,3
枣仁安神颗粒,3
通滞苏润江胶囊,3
氨酚曲马多片,3
达沙替尼,3
呋喹替尼,3
布替萘芬乳膏,3
米诺环素,3
维立西呱,3
氢化可的松,3
止疼药,3
圣约翰草,3
依洛尤单抗注射液,3
柴芩清宁胶囊,3
芪明颗粒,3
松龄血脉康胶囊,3
依托泊苷胶囊,3
复方磺胺甲噁唑,3
牛碱性成纤维细胞生长因子滴眼液,3
颈痛颗粒,3
乙酰半胱氨酸颗粒,3
贞芪扶正胶囊,3
甲氨蝶呤,3
普罗布考,3
骨化醇胶囊,3
氟替美维吸入粉,3
丙卡特罗,3
硫酸沙丁胺醇吸入气雾剂,3
特拉唑嗪片,3
阿帕替尼,3
尿毒清颗粒,3
羧甲基纤维素钠滴眼液,3
利多卡因凝胶贴膏,3
氨茶碱,3
骨疏康颗粒,3
氟康唑,3
扶正化瘀胶囊,3
唑来膦酸,3
利塞膦酸钠,3
来曲唑,3
奥氮平片,3
富马酸丙酚替诺福韦,3
盐酸西那卡塞片,3
达那唑胶囊,3
复方阿嗪米特肠溶片,3
咪唑斯汀缓释片,3
托拉塞米,2
来那度胺,2
乌美溴铵维兰特罗吸入粉雾剂,2
甘舒霖,2
拉莫三嗪,2
盐酸帕罗西汀片,2
醋酸泼尼松,2
盐酸美金刚片,2
泽布替尼,2
雷米普利,2
愈美甲麻敏糖浆,2
骨康胶囊,2
西那卡塞,2
血府逐瘀胶囊,2
胃复春片,2
莉芙敏,2
曲唑酮,2
头孢地尼,2
寒喘祖帕颗粒,2
拉贝洛尔,2
五酯胶囊,2
苯磺酸左氨氯地平片,2
苍耳子鼻炎滴丸,2
咪康唑,2
胃苏颗粒,2
溴吡斯的明,2
小檗胺,2
布地格福吸入气雾剂,2
振源胶囊,2
普拉克索片,2
依卡倍特钠,2
利福平,2
桉柠蒎肠溶胶囊,2
精蛋白锌重组赖脯胰岛素,2
盐酸奥洛他定片,2
复方活脑舒胶囊,2
阿托品膏,2
葡萄糖,2
复方氢氧化铝片,2
复方角菜酸酯栓,2
大活络胶囊,2
扶异,2
制霉素片,2
复方氨酚美沙糖浆,2
乳腺结节,2
止咳胶囊,2
甲氧氯普胺片,2
酚酞片,2
双氯芬酸二乙胺乳胶剂,2
重组人胰岛素注射液,2
卡波姆滴眼液,2
透明质酸,2
乌苯美司胶囊,2
湿润烧伤软膏,2
怡开,2
卡托普利,2
加巴喷丁,2
复方氯己定含漱液,2
尼群地平,2
清开灵胶囊,2
磷酸钙片,2
气滞胃痛颗粒,2
酸钙片,2
阿利西尤单抗注射液,2
多奈哌齐片,2
吲哚美辛,2
那格列奈,1
拉克替醇散,1
养血饮口服液,1
安罗替尼,1
BTK抑制剂,1
司美格鲁肽,1
酮康唑乳膏,1
桂枝茯苓丸,1
奥美地平片,1
维拉帕米,1
胃康复新液,1
马应龙麝香痔疮膏,1
伤科接骨片,1
哌拉西林他唑巴坦,1
布拉氏酵母菌散,1
人粒细胞集落刺激因子,1
喹硫平,1
洛芬待因片,1
氯替泼诺眼液,1
杏贝止咳颗粒,1
雌三醇软膏,1
索拉唑肠溶胶囊,1
替勃龙片,1
高锰酸钾,1
扶他林,1
聚苯乙烯磺酸钙,1
天舒胶囊,1
舒筋活血胶囊,1
达罗他胺,1
地加瑞克,1
拉米夫定,1
独一味片,1
环磷酰胺,1
美洛西康,1
益心舒胶囊,1
苄星青霉素,1
脑心通胶囊,1
诺和灵N,1
折麦布片,1
多塞平,1
生长激素,1
氮卓斯汀鼻喷雾剂,1
百蕊颗粒,1
胆维丁乳,1
比卡鲁胺,1
利可君,1
胸腺法新,1
倍他乐克,1
维生素B2,1
氨麻美敏片,1
复合维生素B,1
硼酸洗液,1
润燥止痒胶囊,1
槐杞黄颗粒,1
固元膏,1
益母草,1
阿维A胶囊,1
依美斯汀滴眼液,1
米格列淳片,1
呋喃唑酮,1
果胶铋,1
巴氯芬片,1
心痛定,1
硫唑嘌呤,1
鲁拉西酮,1
劳拉西泮,1
诺和锐30,1
尼克地尔,1
替麦考芬,1
双嘧达莫,1
甘露醇,1
卡介苗,1
十一酸睾酮,1
切诺胶囊,1
欧龙马,1
法兰索拉唑,1
康胶囊,1
盐酸左氧氟沙星片,1
康艾扶正片,1
烟酰胺片,1
泛影葡胺,1
马来酸左旋氨氯地平片,1
前列舒通胶囊,1
安脑丸,1
甲硫咪唑,1
美西律片,1
尼洛替尼,1
拉坦前列素滴眼液,1
非奈利酮,1
富马酸福伏诺拉生片,1
复方可待因口吸液,1
丙酸氟替卡松鼻喷雾,1
达英-35,1
利那洛肽,1
亮丙瑞林,1
氨芬待因片,1
地塞米松,1
达肝素,1
金刚烷胺,1
普芦卡必利,1
金丹附延颗粒,1
精蛋白锌重组人胰岛素混合注射液,1
莫诺拉韦胶囊,1
来优时,1
氯苯那敏片,1
重组人干扰素a-2b凝胶,1
碳酸氢钠注射液,1
参仙升脉口服液,1
艾拉莫德,1
钾片,1
美金刚,1
坦索罗欣胶囊,1
卡马西平,1
干扰素凝胶,1
孢克洛缓释片,1
硫必利片,1
头孢克肟,1
福辛普利,1
麦考芬分散片,1
维生素D3,1
胆石利通片,1
优思灵,1
格华止,1
脑脉利颗粒,1
艾曲波帕,1
西酵母,1
戊酸钠缓释片,1
